source,target,Var1,Var2,r,p,edge,disease,edgeType,abs.r
Prevotella,Neisseriaceae,bacteria_1,bacteria_2,-0.440281911,5.23E-08,bacteria_1|bacteria_2,preCOPD,bb,0.440281911
Prevotella,Veillonella,bacteria_1,bacteria_4,0.42190833,2.08E-07,bacteria_1|bacteria_4,preCOPD,bb,0.42190833
Veillonella,Porphyromonas,bacteria_4,bacteria_6,-0.425933276,1.55E-07,bacteria_4|bacteria_6,preCOPD,bb,0.425933276
Neisseriaceae,Haemophilus,bacteria_2,bacteria_7,0.497391192,4.06E-10,bacteria_2|bacteria_7,preCOPD,bb,0.497391192
Streptococcus,Gemellaceae,bacteria_3,bacteria_9,0.472299611,3.83E-09,bacteria_3|bacteria_9,preCOPD,bb,0.472299611
Haemophilus,Actinobacillus,bacteria_7,bacteria_14,0.495117679,5.01E-10,bacteria_7|bacteria_14,preCOPD,bb,0.495117679
Veillonella,Treponema,bacteria_4,bacteria_15,-0.404508413,7.17E-07,bacteria_4|bacteria_15,preCOPD,bb,0.404508413
Porphyromonas,Treponema,bacteria_6,bacteria_15,0.440861626,5.00E-08,bacteria_6|bacteria_15,preCOPD,bb,0.440861626
Treponema,Mogibacteriaceae,bacteria_15,bacteria_17,0.450549331,2.33E-08,bacteria_15|bacteria_17,preCOPD,bb,0.450549331
Prevotella,Bulleidia,bacteria_1,bacteria_18,0.591584579,1.40E-14,bacteria_1|bacteria_18,preCOPD,bb,0.591584579
Haemophilus,Bulleidia,bacteria_7,bacteria_18,-0.419797297,2.43E-07,bacteria_7|bacteria_18,preCOPD,bb,0.419797297
Mogibacteriaceae,Bulleidia,bacteria_17,bacteria_18,0.448111268,2.83E-08,bacteria_17|bacteria_18,preCOPD,bb,0.448111268
Porphyromonas,Clostridiaceae,bacteria_6,bacteria_19,0.523464918,3.22E-11,bacteria_6|bacteria_19,preCOPD,bb,0.523464918
Treponema,Clostridiaceae,bacteria_15,bacteria_19,0.42432875,1.74E-07,bacteria_15|bacteria_19,preCOPD,bb,0.42432875
Mogibacteriaceae,Clostridiaceae,bacteria_17,bacteria_19,0.43396798,8.48E-08,bacteria_17|bacteria_19,preCOPD,bb,0.43396798
Haemophilus,Aggregatibacter,bacteria_7,bacteria_21,0.481299102,1.75E-09,bacteria_7|bacteria_21,preCOPD,bb,0.481299102
Neisseriaceae,Neisseria,bacteria_2,bacteria_23,0.668328573,0,bacteria_2|bacteria_23,preCOPD,bb,0.668328573
Fusobacterium,SR1,bacteria_5,bacteria_22,0.405901572,6.51E-07,bacteria_5|bacteria_22,preCOPD,bb,0.405901572
Prevotella,Atopobium,bacteria_1,bacteria_24,0.593124233,1.15E-14,bacteria_1|bacteria_24,preCOPD,bb,0.593124233
Veillonella,Atopobium,bacteria_4,bacteria_24,0.445941606,3.36E-08,bacteria_4|bacteria_24,preCOPD,bb,0.445941606
Actinomyces,Atopobium,bacteria_13,bacteria_24,0.566685568,2.92E-13,bacteria_13|bacteria_24,preCOPD,bb,0.566685568
Bulleidia,Atopobium,bacteria_18,bacteria_24,0.604630094,2.66E-15,bacteria_18|bacteria_24,preCOPD,bb,0.604630094
Neisseria,Atopobium,bacteria_23,bacteria_24,-0.418732718,2.62E-07,bacteria_23|bacteria_24,preCOPD,bb,0.418732718
Neisseria,Lautropia,bacteria_23,bacteria_25,0.499670736,3.28E-10,bacteria_23|bacteria_25,preCOPD,bb,0.499670736
Fusobacterium,Campylobacter,bacteria_5,bacteria_26,0.448657572,2.71E-08,bacteria_5|bacteria_26,preCOPD,bb,0.448657572
Porphyromonas,Filifactor,bacteria_6,bacteria_27,0.423805415,1.81E-07,bacteria_6|bacteria_27,preCOPD,bb,0.423805415
Treponema,Filifactor,bacteria_15,bacteria_27,0.669703459,0,bacteria_15|bacteria_27,preCOPD,bb,0.669703459
Mogibacteriaceae,Filifactor,bacteria_17,bacteria_27,0.502390864,2.54E-10,bacteria_17|bacteria_27,preCOPD,bb,0.502390864
Clostridiaceae,Filifactor,bacteria_19,bacteria_27,0.526651343,2.33E-11,bacteria_19|bacteria_27,preCOPD,bb,0.526651343
Atopobium,Oribacterium,bacteria_24,bacteria_28,0.41893422,2.59E-07,bacteria_24|bacteria_28,preCOPD,bb,0.41893422
Haemophilus,Pasteurellaceae,bacteria_7,bacteria_31,0.576485981,9.10E-14,bacteria_7|bacteria_31,preCOPD,bb,0.576485981
Bulleidia,Pasteurellaceae,bacteria_18,bacteria_31,-0.426403377,1.50E-07,bacteria_18|bacteria_31,preCOPD,bb,0.426403377
Mogibacteriaceae,Clostridiales,bacteria_17,bacteria_30,0.431868413,9.94E-08,bacteria_17|bacteria_30,preCOPD,bb,0.431868413
Bulleidia,Clostridiales,bacteria_18,bacteria_30,0.466919135,6.06E-09,bacteria_18|bacteria_30,preCOPD,bb,0.466919135
Neisseriaceae,Capnocytophaga,bacteria_2,bacteria_32,0.457892468,1.28E-08,bacteria_2|bacteria_32,preCOPD,bb,0.457892468
SR1,Capnocytophaga,bacteria_22,bacteria_32,0.507689772,1.53E-10,bacteria_22|bacteria_32,preCOPD,bb,0.507689772
Neisseriaceae,Kingella,bacteria_2,bacteria_34,0.504336849,2.11E-10,bacteria_2|bacteria_34,preCOPD,bb,0.504336849
Aggregatibacter,Kingella,bacteria_21,bacteria_34,0.473159742,3.56E-09,bacteria_21|bacteria_34,preCOPD,bb,0.473159742
Neisseria,Kingella,bacteria_23,bacteria_34,0.488345564,9.31E-10,bacteria_23|bacteria_34,preCOPD,bb,0.488345564
Lautropia,Kingella,bacteria_25,bacteria_34,0.484366557,1.33E-09,bacteria_25|bacteria_34,preCOPD,bb,0.484366557
Capnocytophaga,Dialister,bacteria_32,bacteria_35,-0.435551676,7.52E-08,bacteria_32|bacteria_35,preCOPD,bb,0.435551676
Prevotella,Moryella,bacteria_1,bacteria_39,0.507976115,1.49E-10,bacteria_1|bacteria_39,preCOPD,bb,0.507976115
Neisseriaceae,Moryella,bacteria_2,bacteria_39,-0.41071299,4.65E-07,bacteria_2|bacteria_39,preCOPD,bb,0.41071299
Veillonella,Moryella,bacteria_4,bacteria_39,0.402776364,8.07E-07,bacteria_4|bacteria_39,preCOPD,bb,0.402776364
SR1,Moryella,bacteria_22,bacteria_39,-0.404924869,6.96E-07,bacteria_22|bacteria_39,preCOPD,bb,0.404924869
Atopobium,Moryella,bacteria_24,bacteria_39,0.463150616,8.31E-09,bacteria_24|bacteria_39,preCOPD,bb,0.463150616
Capnocytophaga,Moryella,bacteria_32,bacteria_39,-0.467873324,5.59E-09,bacteria_32|bacteria_39,preCOPD,bb,0.467873324
Fusobacterium,Parvimonas,bacteria_5,bacteria_40,0.410657062,4.67E-07,bacteria_5|bacteria_40,preCOPD,bb,0.410657062
Mogibacteriaceae,Parvimonas,bacteria_17,bacteria_40,0.416044369,3.18E-07,bacteria_17|bacteria_40,preCOPD,bb,0.416044369
Clostridiaceae,Parvimonas,bacteria_19,bacteria_40,0.463117154,8.33E-09,bacteria_19|bacteria_40,preCOPD,bb,0.463117154
SR1,Parvimonas,bacteria_22,bacteria_40,0.414244114,3.62E-07,bacteria_22|bacteria_40,preCOPD,bb,0.414244114
Filifactor,Parvimonas,bacteria_27,bacteria_40,0.424715911,1.69E-07,bacteria_27|bacteria_40,preCOPD,bb,0.424715911
Treponema,Bacteroidales,bacteria_15,bacteria_41,0.633213864,0,bacteria_15|bacteria_41,preCOPD,bb,0.633213864
Filifactor,Bacteroidales,bacteria_27,bacteria_41,0.526305249,2.41E-11,bacteria_27|bacteria_41,preCOPD,bb,0.526305249
Prevotella,Mogibacterium,bacteria_1,bacteria_42,0.560993254,5.64E-13,bacteria_1|bacteria_42,preCOPD,bb,0.560993254
Bulleidia,Mogibacterium,bacteria_18,bacteria_42,0.558314492,7.65E-13,bacteria_18|bacteria_42,preCOPD,bb,0.558314492
Neisseria,Mogibacterium,bacteria_23,bacteria_42,-0.407741317,5.73E-07,bacteria_23|bacteria_42,preCOPD,bb,0.407741317
Atopobium,Mogibacterium,bacteria_24,bacteria_42,0.572291049,1.51E-13,bacteria_24|bacteria_42,preCOPD,bb,0.572291049
Clostridiaceae,Catonella,bacteria_19,bacteria_43,0.409969894,4.90E-07,bacteria_19|bacteria_43,preCOPD,bb,0.409969894
Mogibacteriaceae,Mycoplasma,bacteria_17,bacteria_44,0.477945652,2.35E-09,bacteria_17|bacteria_44,preCOPD,bb,0.477945652
Filifactor,Mycoplasma,bacteria_27,bacteria_44,0.500290823,3.10E-10,bacteria_27|bacteria_44,preCOPD,bb,0.500290823
Porphyromonas,Tannerella,bacteria_6,bacteria_45,0.5037671,2.23E-10,bacteria_6|bacteria_45,preCOPD,bb,0.5037671
Treponema,Tannerella,bacteria_15,bacteria_45,0.51260269,9.51E-11,bacteria_15|bacteria_45,preCOPD,bb,0.51260269
Filifactor,Tannerella,bacteria_27,bacteria_45,0.458475702,1.22E-08,bacteria_27|bacteria_45,preCOPD,bb,0.458475702
Bacteroidales,Tannerella,bacteria_41,bacteria_45,0.400234885,9.60E-07,bacteria_41|bacteria_45,preCOPD,bb,0.400234885
Streptococcus,Planococcaceae,bacteria_3,bacteria_48,0.42202923,2.06E-07,bacteria_3|bacteria_48,preCOPD,bb,0.42202923
Rothia,Planococcaceae,bacteria_8,bacteria_48,0.457659853,1.31E-08,bacteria_8|bacteria_48,preCOPD,bb,0.457659853
Granulicatella,Planococcaceae,bacteria_12,bacteria_48,0.602769892,3.33E-15,bacteria_12|bacteria_48,preCOPD,bb,0.602769892
Capnocytophaga,Weeksellaceae,bacteria_32,bacteria_49,0.524476306,2.91E-11,bacteria_32|bacteria_49,preCOPD,bb,0.524476306
Treponema,TG5,bacteria_15,bacteria_53,0.516297704,6.61E-11,bacteria_15|bacteria_53,preCOPD,bb,0.516297704
Selenomonas,TG5,bacteria_46,bacteria_53,0.435074422,7.80E-08,bacteria_46|bacteria_53,preCOPD,bb,0.435074422
Porphyromonas,Peptococcus,bacteria_6,bacteria_54,0.415300076,3.36E-07,bacteria_6|bacteria_54,preCOPD,bb,0.415300076
Treponema,Peptococcus,bacteria_15,bacteria_54,0.445747983,3.41E-08,bacteria_15|bacteria_54,preCOPD,bb,0.445747983
Clostridiaceae,Peptococcus,bacteria_19,bacteria_54,0.525957728,2.50E-11,bacteria_19|bacteria_54,preCOPD,bb,0.525957728
Filifactor,Peptococcus,bacteria_27,bacteria_54,0.531489241,1.41E-11,bacteria_27|bacteria_54,preCOPD,bb,0.531489241
Fusobacterium,RF39,bacteria_5,bacteria_58,0.403206453,7.84E-07,bacteria_5|bacteria_58,preCOPD,bb,0.403206453
SR1,RF39,bacteria_22,bacteria_58,0.537178674,7.78E-12,bacteria_22|bacteria_58,preCOPD,bb,0.537178674
Parvimonas,RF39,bacteria_40,bacteria_58,0.404040819,7.40E-07,bacteria_40|bacteria_58,preCOPD,bb,0.404040819
Streptococcus,Enterococcus,bacteria_3,bacteria_60,0.446434238,3.23E-08,bacteria_3|bacteria_60,preCOPD,bb,0.446434238
Granulicatella,Enterococcus,bacteria_12,bacteria_60,0.489526861,8.37E-10,bacteria_12|bacteria_60,preCOPD,bb,0.489526861
Planococcaceae,Enterococcus,bacteria_48,bacteria_60,0.525986227,2.49E-11,bacteria_48|bacteria_60,preCOPD,bb,0.525986227
Fusobacterium,Peptostreptococcaceae,bacteria_5,bacteria_62,0.44760925,2.94E-08,bacteria_5|bacteria_62,preCOPD,bb,0.44760925
Peptococcus,Peptostreptococcaceae,bacteria_54,bacteria_62,0.470848693,4.34E-09,bacteria_54|bacteria_62,preCOPD,bb,0.470848693
Prevotella,TM7-3,bacteria_1,bacteria_63,0.423726166,1.82E-07,bacteria_1|bacteria_63,preCOPD,bb,0.423726166
Kingella,Comamonadaceae,bacteria_34,bacteria_61,0.402121761,8.44E-07,bacteria_34|bacteria_61,preCOPD,bb,0.402121761
Catonella,Anaerovorax,bacteria_43,bacteria_68,0.478708786,2.20E-09,bacteria_43|bacteria_68,preCOPD,bb,0.478708786
RF39,Anaerovorax,bacteria_58,bacteria_68,0.410324422,4.78E-07,bacteria_58|bacteria_68,preCOPD,bb,0.410324422
Peptostreptococcaceae,Anaerovorax,bacteria_62,bacteria_68,0.437887113,6.29E-08,bacteria_62|bacteria_68,preCOPD,bb,0.437887113
Treponema,Acidaminobacteraceae,bacteria_15,bacteria_69,0.619728036,4.44E-16,bacteria_15|bacteria_69,preCOPD,bb,0.619728036
Filifactor,Acidaminobacteraceae,bacteria_27,bacteria_69,0.610851706,1.11E-15,bacteria_27|bacteria_69,preCOPD,bb,0.610851706
Bacteroidales,Acidaminobacteraceae,bacteria_41,bacteria_69,0.479650318,2.02E-09,bacteria_41|bacteria_69,preCOPD,bb,0.479650318
Mycoplasma,Acidaminobacteraceae,bacteria_44,bacteria_69,0.429160653,1.22E-07,bacteria_44|bacteria_69,preCOPD,bb,0.429160653
Erwinia,Enterobacteriaceae,bacteria_37,bacteria_66,0.485010817,1.26E-09,bacteria_37|bacteria_66,preCOPD,bb,0.485010817
Kingella,Cardiobacterium,bacteria_34,bacteria_71,0.552960502,1.40E-12,bacteria_34|bacteria_71,preCOPD,bb,0.552960502
Gemellaceae,Gemella,bacteria_9,bacteria_73,0.579367949,6.39E-14,bacteria_9|bacteria_73,preCOPD,bb,0.579367949
Treponema,Schwartzia,bacteria_15,bacteria_79,0.401655303,8.72E-07,bacteria_15|bacteria_79,preCOPD,bb,0.401655303
Selenomonas,Schwartzia,bacteria_46,bacteria_79,0.450100533,2.41E-08,bacteria_46|bacteria_79,preCOPD,bb,0.450100533
Porphyromonas,Peptostreptococcus,bacteria_6,bacteria_80,0.417086257,2.95E-07,bacteria_6|bacteria_80,preCOPD,bb,0.417086257
Clostridiaceae,Peptostreptococcus,bacteria_19,bacteria_80,0.650705019,0,bacteria_19|bacteria_80,preCOPD,bb,0.650705019
Parvimonas,Peptostreptococcus,bacteria_40,bacteria_80,0.452155629,2.05E-08,bacteria_40|bacteria_80,preCOPD,bb,0.452155629
Treponema,ML615J-28,bacteria_15,bacteria_81,0.433558781,8.75E-08,bacteria_15|bacteria_81,preCOPD,bb,0.433558781
Lactobacillus,Aeromonadaceae,bacteria_50,bacteria_88,0.426129702,1.53E-07,bacteria_50|bacteria_88,preCOPD,bb,0.426129702
Agaricomycetes,Agaricomycetes_2,fungi_560,fungi_845,0.502017149,2.63E-10,fungi_560|fungi_845,preCOPD,ff,0.502017149
Alfaria,Bjerkandera,fungi_441,fungi_768,0.445095424,3.59E-08,fungi_441|fungi_768,preCOPD,ff,0.445095424
Apiotrichum,Candida,fungi_926,fungi_330,0.462871352,8.50E-09,fungi_926|fungi_330,preCOPD,ff,0.462871352
Aureobasidium,Candida,fungi_73,fungi_330,0.570176799,1.93E-13,fungi_73|fungi_330,preCOPD,ff,0.570176799
Agaricomycetes,Ceriporia,fungi_560,fungi_748,0.487075342,1.04E-09,fungi_560|fungi_748,preCOPD,ff,0.487075342
Apiognomonia,Chaetothyriales_2,fungi_358,fungi_211,0.573141779,1.36E-13,fungi_358|fungi_211,preCOPD,ff,0.573141779
Planococcaceae,Chytridiomycota,bacteria_48,fungi_956,0.438545422,5.98E-08,bacteria_48|fungi_956,preCOPD,bf,0.438545422
Agaricomycetes_2,Clitopilus,fungi_845,fungi_580,0.508311433,1.44E-10,fungi_845|fungi_580,preCOPD,ff,0.508311433
Antrodia,Clitopilus,fungi_726,fungi_580,0.427610955,1.37E-07,fungi_726|fungi_580,preCOPD,ff,0.427610955
Ascotricha,Coniochaeta,fungi_536,fungi_349,0.483607999,1.42E-09,fungi_536|fungi_349,preCOPD,ff,0.483607999
Agaricomycetes,Coprinellus,fungi_560,fungi_609,0.45808399,1.26E-08,fungi_560|fungi_609,preCOPD,ff,0.45808399
Cerrena,Coprinellus,fungi_722,fungi_609,0.477666789,2.41E-09,fungi_722|fungi_609,preCOPD,ff,0.477666789
Agaricomycetes_2,Coprinopsis,fungi_845,fungi_610,0.405348408,6.76E-07,fungi_845|fungi_610,preCOPD,ff,0.405348408
Clitopilus,Coprinopsis,fungi_580,fungi_610,0.458936652,1.18E-08,fungi_580|fungi_610,preCOPD,ff,0.458936652
Agaricomycetes_2,Crustodontia,fungi_845,fungi_758,0.477390258,2.46E-09,fungi_845|fungi_758,preCOPD,ff,0.477390258
Clitopilus,Crustodontia,fungi_580,fungi_758,0.40872505,5.35E-07,fungi_580|fungi_758,preCOPD,ff,0.40872505
Cladosporium,Cryptococcus,fungi_23,fungi_914,0.405402187,6.74E-07,fungi_23|fungi_914,preCOPD,ff,0.405402187
Clitopilus,Dacryobolus,fungi_580,fungi_729,0.41800543,2.76E-07,fungi_580|fungi_729,preCOPD,ff,0.41800543
Agaricomycetes,Earliella,fungi_560,fungi_783,0.403005608,7.95E-07,fungi_560|fungi_783,preCOPD,ff,0.403005608
Coprinellus,Earliella,fungi_609,fungi_783,0.411210303,4.49E-07,fungi_609|fungi_783,preCOPD,ff,0.411210303
Amyloporia,Fomes,fungi_725,fungi_785,0.486629223,1.09E-09,fungi_725|fungi_785,preCOPD,ff,0.486629223
Coprinopsis,Fomes,fungi_610,fungi_785,0.461950946,9.18E-09,fungi_610|fungi_785,preCOPD,ff,0.461950946
Earliella,Fomes,fungi_783,fungi_785,0.401439854,8.85E-07,fungi_783|fungi_785,preCOPD,ff,0.401439854
Agaricomycetes,Fomitopsis,fungi_560,fungi_732,0.404534225,7.15E-07,fungi_560|fungi_732,preCOPD,ff,0.404534225
Agaricomycetes_2,Fomitopsis,fungi_845,fungi_732,0.479655244,2.02E-09,fungi_845|fungi_732,preCOPD,ff,0.479655244
Clitopilus,Fomitopsis,fungi_580,fungi_732,0.400030274,9.74E-07,fungi_580|fungi_732,preCOPD,ff,0.400030274
Didymosphaeriaceae,Gibberella,fungi_104,fungi_422,0.699337931,0,fungi_104|fungi_422,preCOPD,ff,0.699337931
Cerrena,Grammothele,fungi_722,fungi_786,0.455134523,1.61E-08,fungi_722|fungi_786,preCOPD,ff,0.455134523
Coprinellus,Grammothele,fungi_609,fungi_786,0.4447035,3.70E-08,fungi_609|fungi_786,preCOPD,ff,0.4447035
Agaricales,Gymnopus,fungi_561,fungi_596,0.401642235,8.73E-07,fungi_561|fungi_596,preCOPD,ff,0.401642235
Gymnopilus,Gymnopus,fungi_574,fungi_596,0.407594529,5.78E-07,fungi_574|fungi_596,preCOPD,ff,0.407594529
Alfaria,Gyrodontium,fungi_441,fungi_660,0.406770052,6.13E-07,fungi_441|fungi_660,preCOPD,ff,0.406770052
Auriporia,Gyrodontium,fungi_727,fungi_660,0.400747599,9.27E-07,fungi_727|fungi_660,preCOPD,ff,0.400747599
Exophiala,Gyrodontium,fungi_203,fungi_660,0.487016922,1.05E-09,fungi_203|fungi_660,preCOPD,ff,0.487016922
Beauveria,Heterobasidion,fungi_393,fungi_809,0.406770052,6.13E-07,fungi_393|fungi_809,preCOPD,ff,0.406770052
Catenulostroma,Hormonema,fungi_63,fungi_76,0.581508812,4.93E-14,fungi_63|fungi_76,preCOPD,ff,0.581508812
Auriculariales,Hortaea,fungi_640,fungi_75,0.488864831,8.88E-10,fungi_640|fungi_75,preCOPD,ff,0.488864831
Agaricomycetes_2,Hydnochaete,fungi_845,fungi_699,0.450755802,2.29E-08,fungi_845|fungi_699,preCOPD,ff,0.450755802
Agaricomycetes,Hymenochaete,fungi_560,fungi_700,0.411151691,4.51E-07,fungi_560|fungi_700,preCOPD,ff,0.411151691
Auriculariales,Hymenochaete,fungi_640,fungi_700,0.436185786,7.16E-08,fungi_640|fungi_700,preCOPD,ff,0.436185786
Cerrena,Hymenochaete,fungi_722,fungi_700,0.406899032,6.07E-07,fungi_722|fungi_700,preCOPD,ff,0.406899032
Grammothele,Hymenochaete,fungi_786,fungi_700,0.429558343,1.18E-07,fungi_786|fungi_700,preCOPD,ff,0.429558343
Didymosphaeriaceae,Hypocreales_fam_Incertae_sedis,fungi_104,fungi_405,0.485507996,1.20E-09,fungi_104|fungi_405,preCOPD,ff,0.485507996
Exidia,Hypocreales_fam_Incertae_sedis,fungi_647,fungi_405,0.536322008,8.52E-12,fungi_647|fungi_405,preCOPD,ff,0.536322008
Dinemasporium,Isaria,fungi_347,fungi_396,0.709645772,0,fungi_347|fungi_396,preCOPD,ff,0.709645772
Heterobasidion,Junghuhnia,fungi_809,fungi_803,0.418040199,2.76E-07,fungi_809|fungi_803,preCOPD,ff,0.418040199
Ceriporia,Lentinus,fungi_748,fungi_788,0.421633743,2.12E-07,fungi_748|fungi_788,preCOPD,ff,0.421633743
Clitopilus,Lentinus,fungi_580,fungi_788,0.532392804,1.29E-11,fungi_580|fungi_788,preCOPD,ff,0.532392804
Coprinopsis,Lentinus,fungi_610,fungi_788,0.403465244,7.70E-07,fungi_610|fungi_788,preCOPD,ff,0.403465244
Gymnopus,Lentinus,fungi_596,fungi_788,0.446049174,3.33E-08,fungi_596|fungi_788,preCOPD,ff,0.446049174
Hymenochaete,Lentinus,fungi_700,fungi_788,0.404177697,7.33E-07,fungi_700|fungi_788,preCOPD,ff,0.404177697
Junghuhnia,Lentinus,fungi_803,fungi_788,0.476731494,2.61E-09,fungi_803|fungi_788,preCOPD,ff,0.476731494
Exidia,Lyomyces,fungi_647,fungi_713,0.405053087,6.90E-07,fungi_647|fungi_713,preCOPD,ff,0.405053087
Hyphodontia,Lyomyces,fungi_712,fungi_713,0.410487075,4.72E-07,fungi_712|fungi_713,preCOPD,ff,0.410487075
Chaetomium,Microascaceae,fungi_488,fungi_475,0.483601651,1.43E-09,fungi_488|fungi_475,preCOPD,ff,0.483601651
Devriesia,Microascaceae,fungi_64,fungi_475,0.487244149,1.03E-09,fungi_64|fungi_475,preCOPD,ff,0.487244149
Kazachstania,Microascus,fungi_325,fungi_470,0.40339644,7.74E-07,fungi_325|fungi_470,preCOPD,ff,0.40339644
Lentinula,Microascus,fungi_597,fungi_470,0.412682805,4.04E-07,fungi_597|fungi_470,preCOPD,ff,0.412682805
Corynespora,Microdochium,fungi_90,fungi_529,0.403410373,7.73E-07,fungi_90|fungi_529,preCOPD,ff,0.403410373
Devriesia,Microporus,fungi_64,fungi_792,0.404986254,6.93E-07,fungi_64|fungi_792,preCOPD,ff,0.404986254
Geosmithia,Mycoacia,fungi_380,fungi_762,0.403429454,7.72E-07,fungi_380|fungi_762,preCOPD,ff,0.403429454
Alfaria,Myrothecium,fungi_441,fungi_444,0.450291416,2.38E-08,fungi_441|fungi_444,preCOPD,ff,0.450291416
Arachnomyces,Myrothecium,fungi_230,fungi_444,0.41566957,3.27E-07,fungi_230|fungi_444,preCOPD,ff,0.41566957
Chaetothyriales,Neodeightonia,fungi_191,fungi_12,0.542008604,4.65E-12,fungi_191|fungi_12,preCOPD,ff,0.542008604
Exserohilum,Neodeightonia,fungi_154,fungi_12,0.422292782,2.02E-07,fungi_154|fungi_12,preCOPD,ff,0.422292782
Microdochium,Neodeightonia,fungi_529,fungi_12,0.510507022,1.17E-10,fungi_529|fungi_12,preCOPD,ff,0.510507022
Coniochaeta,Onygenales,fungi_349,fungi_242,0.505444807,1.90E-10,fungi_349|fungi_242,preCOPD,ff,0.505444807
Nigrograna,Onygenales,fungi_158,fungi_242,0.420730334,2.27E-07,fungi_158|fungi_242,preCOPD,ff,0.420730334
Auriculariales,Ophioceras,fungi_640,fungi_458,0.519739165,4.69E-11,fungi_640|fungi_458,preCOPD,ff,0.519739165
Coniella,Ophioceras,fungi_361,fungi_458,0.42571175,1.57E-07,fungi_361|fungi_458,preCOPD,ff,0.42571175
Cytospora,Ophioceras,fungi_362,fungi_458,0.472871428,3.65E-09,fungi_362|fungi_458,preCOPD,ff,0.472871428
Dothideomycetes,Ophioceras,fungi_5,fungi_458,0.493302868,5.93E-10,fungi_5|fungi_458,preCOPD,ff,0.493302868
Mycosphaerella,Ophioceras,fungi_40,fungi_458,0.481865886,1.66E-09,fungi_40|fungi_458,preCOPD,ff,0.481865886
Heterobasidion,Paecilomyces,fungi_809,fungi_391,0.492702241,6.26E-10,fungi_809|fungi_391,preCOPD,ff,0.492702241
Dothideomycetes,Pallidocercospora,fungi_5,fungi_43,0.407603394,5.78E-07,fungi_5|fungi_43,preCOPD,ff,0.407603394
Ophioceras,Pallidocercospora,fungi_458,fungi_43,0.524114175,3.02E-11,fungi_458|fungi_43,preCOPD,ff,0.524114175
Hyphoderma,Paracamarosporium,fungi_746,fungi_109,0.422341536,2.02E-07,fungi_746|fungi_109,preCOPD,ff,0.422341536
Isaria,Paraphaeosphaeria,fungi_396,fungi_111,0.485507996,1.20E-09,fungi_396|fungi_111,preCOPD,ff,0.485507996
Agaricales,Passalora,fungi_561,fungi_45,0.411991281,4.25E-07,fungi_561|fungi_45,preCOPD,ff,0.411991281
Hypsizygus,Passalora,fungi_588,fungi_45,0.400747599,9.27E-07,fungi_588|fungi_45,preCOPD,ff,0.400747599
Microascaceae,Passalora,fungi_475,fungi_45,0.564774746,3.64E-13,fungi_475|fungi_45,preCOPD,ff,0.564774746
Agaricomycetes,Peniophora,fungi_560,fungi_816,0.512712547,9.41E-11,fungi_560|fungi_816,preCOPD,ff,0.512712547
Gymnopus,Peniophorella,fungi_596,fungi_706,0.413227405,3.89E-07,fungi_596|fungi_706,preCOPD,ff,0.413227405
Coprinopsis,Perenniporia,fungi_610,fungi_742,0.489791569,8.17E-10,fungi_610|fungi_742,preCOPD,ff,0.489791569
Fomes,Perenniporia,fungi_785,fungi_742,0.454640896,1.67E-08,fungi_785|fungi_742,preCOPD,ff,0.454640896
Diatrypaceae,Peroneutypa,fungi_526,fungi_525,0.41690231,2.99E-07,fungi_526|fungi_525,preCOPD,ff,0.41690231
Ophioceras,Peroneutypa,fungi_458,fungi_525,0.556588157,9.30E-13,fungi_458|fungi_525,preCOPD,ff,0.556588157
Eurotiales,Pestalotiopsis,fungi_212,fungi_532,0.5,3.18E-10,fungi_212|fungi_532,preCOPD,ff,0.5
Irpex,Pestalotiopsis,fungi_752,fungi_532,0.400747599,9.27E-07,fungi_752|fungi_532,preCOPD,ff,0.400747599
Ophioceras,Phaeoacremonium,fungi_458,fungi_514,0.438838491,5.84E-08,fungi_458|fungi_514,preCOPD,ff,0.438838491
Paraconiothyrium,Phaeoacremonium,fungi_110,fungi_514,0.422323666,2.02E-07,fungi_110|fungi_514,preCOPD,ff,0.422323666
Gloeophyllum,Phaeophleospora,fungi_693,fungi_46,0.464784409,7.25E-09,fungi_693|fungi_46,preCOPD,ff,0.464784409
Gloeophyllum,Phanerina,fungi_693,fungi_770,0.506978855,1.64E-10,fungi_693|fungi_770,preCOPD,ff,0.506978855
Agaricomycetes_2,Phanerochaetaceae,fungi_845,fungi_776,0.44355973,4.05E-08,fungi_845|fungi_776,preCOPD,ff,0.44355973
Clitopilus,Phanerochaetaceae,fungi_580,fungi_776,0.412946673,3.97E-07,fungi_580|fungi_776,preCOPD,ff,0.412946673
Hyphodermella,Phanerochaetaceae,fungi_769,fungi_776,0.444784775,3.68E-08,fungi_769|fungi_776,preCOPD,ff,0.444784775
Agaricomycetes,Phanerochaete,fungi_560,fungi_771,0.59705677,6.88E-15,fungi_560|fungi_771,preCOPD,ff,0.59705677
Agaricomycetes_2,Phanerochaete,fungi_845,fungi_771,0.548229785,2.36E-12,fungi_845|fungi_771,preCOPD,ff,0.548229785
Ceriporia,Phanerochaete,fungi_748,fungi_771,0.467902777,5.57E-09,fungi_748|fungi_771,preCOPD,ff,0.467902777
Crustodontia,Phanerochaete,fungi_758,fungi_771,0.446142507,3.30E-08,fungi_758|fungi_771,preCOPD,ff,0.446142507
Hydnochaete,Phanerochaete,fungi_699,fungi_771,0.408206723,5.54E-07,fungi_699|fungi_771,preCOPD,ff,0.408206723
Hyphodermella,Phanerochaete,fungi_769,fungi_771,0.43617264,7.17E-08,fungi_769|fungi_771,preCOPD,ff,0.43617264
Lentinus,Phanerochaete,fungi_788,fungi_771,0.403199264,7.84E-07,fungi_788|fungi_771,preCOPD,ff,0.403199264
Peniophora,Phanerochaete,fungi_816,fungi_771,0.587863958,2.24E-14,fungi_816|fungi_771,preCOPD,ff,0.587863958
Peniophorella,Phanerochaete,fungi_706,fungi_771,0.429744438,1.17E-07,fungi_706|fungi_771,preCOPD,ff,0.429744438
Phanerochaetaceae,Phanerochaete,fungi_776,fungi_771,0.416726182,3.03E-07,fungi_776|fungi_771,preCOPD,ff,0.416726182
Aureobasidium,Phialemoniopsis,fungi_73,fungi_551,0.538715064,6.61E-12,fungi_73|fungi_551,preCOPD,ff,0.538715064
Candida,Phialemoniopsis,fungi_330,fungi_551,0.47243003,3.79E-09,fungi_330|fungi_551,preCOPD,ff,0.47243003
Chytridiomycota,Phialemoniopsis,fungi_956,fungi_551,0.403636677,7.61E-07,fungi_956|fungi_551,preCOPD,ff,0.403636677
Hypocreales_fam_Incertae_sedis,Phialosimplex,fungi_405,fungi_219,0.5,3.18E-10,fungi_405|fungi_219,preCOPD,ff,0.5
Neomassarina,Phialosimplex,fungi_157,fungi_219,0.492702241,6.26E-10,fungi_157|fungi_219,preCOPD,ff,0.492702241
Agaricomycetes,Phlebia,fungi_560,fungi_763,0.652305231,0,fungi_560|fungi_763,preCOPD,ff,0.652305231
Agaricomycetes_2,Phlebia,fungi_845,fungi_763,0.523083762,3.35E-11,fungi_845|fungi_763,preCOPD,ff,0.523083762
Ceriporia,Phlebia,fungi_748,fungi_763,0.466183682,6.44E-09,fungi_748|fungi_763,preCOPD,ff,0.466183682
Crustodontia,Phlebia,fungi_758,fungi_763,0.420573524,2.30E-07,fungi_758|fungi_763,preCOPD,ff,0.420573524
Hydnochaete,Phlebia,fungi_699,fungi_763,0.509311877,1.31E-10,fungi_699|fungi_763,preCOPD,ff,0.509311877
Lentinus,Phlebia,fungi_788,fungi_763,0.414200072,3.63E-07,fungi_788|fungi_763,preCOPD,ff,0.414200072
Peniophora,Phlebia,fungi_816,fungi_763,0.497825922,3.90E-10,fungi_816|fungi_763,preCOPD,ff,0.497825922
Phanerochaete,Phlebia,fungi_771,fungi_763,0.666268054,0,fungi_771|fungi_763,preCOPD,ff,0.666268054
Agaricomycetes,Phlebiopsis,fungi_560,fungi_772,0.548264562,2.35E-12,fungi_560|fungi_772,preCOPD,ff,0.548264562
Phanerochaete,Phlebiopsis,fungi_771,fungi_772,0.44786647,2.88E-08,fungi_771|fungi_772,preCOPD,ff,0.44786647
Phlebia,Phlebiopsis,fungi_763,fungi_772,0.460634955,1.02E-08,fungi_763|fungi_772,preCOPD,ff,0.460634955
Antrodia,Phomatospora,fungi_726,fungi_479,0.438593854,5.95E-08,fungi_726|fungi_479,preCOPD,ff,0.438593854
Coprinopsis,Phomatospora,fungi_610,fungi_479,0.506397433,1.73E-10,fungi_610|fungi_479,preCOPD,ff,0.506397433
Crustodontia,Phomatospora,fungi_758,fungi_479,0.412533262,4.09E-07,fungi_758|fungi_479,preCOPD,ff,0.412533262
Fomitopsis,Phomatospora,fungi_732,fungi_479,0.402515405,8.22E-07,fungi_732|fungi_479,preCOPD,ff,0.402515405
Myrothecium,Phomatospora,fungi_444,fungi_479,0.459060745,1.17E-08,fungi_444|fungi_479,preCOPD,ff,0.459060745
Diatrypaceae,Phyllostictaceae,fungi_526,fungi_13,0.475209987,2.98E-09,fungi_526|fungi_13,preCOPD,ff,0.475209987
Pallidocercospora,Phyllostictaceae,fungi_43,fungi_13,0.400088312,9.70E-07,fungi_43|fungi_13,preCOPD,ff,0.400088312
Myrmecridium,Pleosporales,fungi_476,fungi_87,0.405338308,6.77E-07,fungi_476|fungi_87,preCOPD,ff,0.405338308
Hypocreales_fam_Incertae_sedis,Pleurotus,fungi_405,fungi_606,0.492702241,6.26E-10,fungi_405|fungi_606,preCOPD,ff,0.492702241
Phialosimplex,Pleurotus,fungi_219,fungi_606,0.492702241,6.26E-10,fungi_219|fungi_606,preCOPD,ff,0.492702241
Hypsizygus,Pluteus,fungi_588,fungi_607,0.611503517,8.88E-16,fungi_588|fungi_607,preCOPD,ff,0.611503517
Clitopilus,Polyporaceae_2,fungi_580,fungi_797,0.540426054,5.51E-12,fungi_580|fungi_797,preCOPD,ff,0.540426054
Dinemasporium,Polyporaceae_2,fungi_347,fungi_797,0.409688713,5.00E-07,fungi_347|fungi_797,preCOPD,ff,0.409688713
Heterobasidion,Polyporaceae_2,fungi_809,fungi_797,0.551757696,1.60E-12,fungi_809|fungi_797,preCOPD,ff,0.551757696
Hypsizygus,Polyporaceae_2,fungi_588,fungi_797,0.577132487,8.42E-14,fungi_588|fungi_797,preCOPD,ff,0.577132487
Paraconiothyrium,Polyporaceae_2,fungi_110,fungi_797,0.400563208,9.39E-07,fungi_110|fungi_797,preCOPD,ff,0.400563208
Pluteus,Polyporaceae_2,fungi_607,fungi_797,0.520877883,4.19E-11,fungi_607|fungi_797,preCOPD,ff,0.520877883
Agaricomycetes,Polyporales,fungi_560,fungi_720,0.607731692,1.78E-15,fungi_560|fungi_720,preCOPD,ff,0.607731692
Agaricomycetes_2,Polyporales,fungi_845,fungi_720,0.578160424,7.42E-14,fungi_845|fungi_720,preCOPD,ff,0.578160424
Ceriporia,Polyporales,fungi_748,fungi_720,0.53711403,7.84E-12,fungi_748|fungi_720,preCOPD,ff,0.53711403
Clitopilus,Polyporales,fungi_580,fungi_720,0.44870333,2.70E-08,fungi_580|fungi_720,preCOPD,ff,0.44870333
Coprinellus,Polyporales,fungi_609,fungi_720,0.452476858,1.99E-08,fungi_609|fungi_720,preCOPD,ff,0.452476858
Crustodontia,Polyporales,fungi_758,fungi_720,0.403861878,7.49E-07,fungi_758|fungi_720,preCOPD,ff,0.403861878
Fomes,Polyporales,fungi_785,fungi_720,0.416538468,3.07E-07,fungi_785|fungi_720,preCOPD,ff,0.416538468
Hydnochaete,Polyporales,fungi_699,fungi_720,0.481591372,1.70E-09,fungi_699|fungi_720,preCOPD,ff,0.481591372
Hymenochaete,Polyporales,fungi_700,fungi_720,0.443950583,3.93E-08,fungi_700|fungi_720,preCOPD,ff,0.443950583
Lentinus,Polyporales,fungi_788,fungi_720,0.481992483,1.64E-09,fungi_788|fungi_720,preCOPD,ff,0.481992483
Peniophora,Polyporales,fungi_816,fungi_720,0.492030937,6.66E-10,fungi_816|fungi_720,preCOPD,ff,0.492030937
Phanerochaetaceae,Polyporales,fungi_776,fungi_720,0.410444386,4.74E-07,fungi_776|fungi_720,preCOPD,ff,0.410444386
Phanerochaete,Polyporales,fungi_771,fungi_720,0.587895416,2.22E-14,fungi_771|fungi_720,preCOPD,ff,0.587895416
Phlebia,Polyporales,fungi_763,fungi_720,0.60836094,1.55E-15,fungi_763|fungi_720,preCOPD,ff,0.60836094
Mycoacia,Polyporales_2,fungi_762,fungi_808,0.400766785,9.26E-07,fungi_762|fungi_808,preCOPD,ff,0.400766785
Cabalodontia,Prosthemium,fungi_801,fungi_147,0.484149673,1.36E-09,fungi_801|fungi_147,preCOPD,ff,0.484149673
Agaricomycetes,Psathyrella,fungi_560,fungi_612,0.403471935,7.70E-07,fungi_560|fungi_612,preCOPD,ff,0.403471935
Agaricomycetes_2,Psathyrella,fungi_845,fungi_612,0.401225562,8.98E-07,fungi_845|fungi_612,preCOPD,ff,0.401225562
Coprinellus,Psathyrella,fungi_609,fungi_612,0.442495676,4.40E-08,fungi_609|fungi_612,preCOPD,ff,0.442495676
Crustodontia,Psathyrella,fungi_758,fungi_612,0.505917448,1.82E-10,fungi_758|fungi_612,preCOPD,ff,0.505917448
Fomes,Psathyrella,fungi_785,fungi_612,0.409524405,5.05E-07,fungi_785|fungi_612,preCOPD,ff,0.409524405
Fomitopsis,Psathyrella,fungi_732,fungi_612,0.421979985,2.07E-07,fungi_732|fungi_612,preCOPD,ff,0.421979985
Junghuhnia,Psathyrella,fungi_803,fungi_612,0.414387967,3.58E-07,fungi_803|fungi_612,preCOPD,ff,0.414387967
Lentinus,Psathyrella,fungi_788,fungi_612,0.427405047,1.39E-07,fungi_788|fungi_612,preCOPD,ff,0.427405047
Phanerochaete,Psathyrella,fungi_771,fungi_612,0.500572924,3.01E-10,fungi_771|fungi_612,preCOPD,ff,0.500572924
Phlebia,Psathyrella,fungi_763,fungi_612,0.480898223,1.81E-09,fungi_763|fungi_612,preCOPD,ff,0.480898223
Polyporales,Psathyrella,fungi_720,fungi_612,0.429669516,1.17E-07,fungi_720|fungi_612,preCOPD,ff,0.429669516
Cytospora,Pseudocercospora,fungi_362,fungi_47,0.438073669,6.20E-08,fungi_362|fungi_47,preCOPD,ff,0.438073669
Ophioceras,Pseudocercospora,fungi_458,fungi_47,0.401263656,8.95E-07,fungi_458|fungi_47,preCOPD,ff,0.401263656
Pallidocercospora,Pseudocercospora,fungi_43,fungi_47,0.403972602,7.44E-07,fungi_43|fungi_47,preCOPD,ff,0.403972602
Ceriporia,Pseudolagarobasidium,fungi_748,fungi_723,0.451489531,2.16E-08,fungi_748|fungi_723,preCOPD,ff,0.451489531
Heterochaete,Pseudolagarobasidium,fungi_649,fungi_723,0.564397568,3.81E-13,fungi_649|fungi_723,preCOPD,ff,0.564397568
Peniophora,Pseudolagarobasidium,fungi_816,fungi_723,0.402447893,8.26E-07,fungi_816|fungi_723,preCOPD,ff,0.402447893
Heterobasidion,Psilocybe,fungi_809,fungi_621,0.413252413,3.88E-07,fungi_809|fungi_621,preCOPD,ff,0.413252413
Hypocreales_fam_Incertae_sedis,Psilocybe,fungi_405,fungi_621,0.40057379,9.39E-07,fungi_405|fungi_621,preCOPD,ff,0.40057379
Junghuhnia,Psilocybe,fungi_803,fungi_621,0.408941803,5.26E-07,fungi_803|fungi_621,preCOPD,ff,0.408941803
Mycoacia,Psilocybe,fungi_762,fungi_621,0.519815224,4.66E-11,fungi_762|fungi_621,preCOPD,ff,0.519815224
Paracamarosporium,Psilocybe,fungi_109,fungi_621,0.42489659,1.67E-07,fungi_109|fungi_621,preCOPD,ff,0.42489659
Phanerochaetaceae,Psilocybe,fungi_776,fungi_621,0.468584304,5.26E-09,fungi_776|fungi_621,preCOPD,ff,0.468584304
Psathyrella,Psilocybe,fungi_612,fungi_621,0.413904147,3.71E-07,fungi_612|fungi_621,preCOPD,ff,0.413904147
Auriporia,Purpureocillium,fungi_727,fungi_435,0.581508812,4.93E-14,fungi_727|fungi_435,preCOPD,ff,0.581508812
Catabotrydaceae,Purpureocillium,fungi_375,fungi_435,0.427582689,1.37E-07,fungi_375|fungi_435,preCOPD,ff,0.427582689
Exserohilum,Purpureocillium,fungi_154,fungi_435,0.430851237,1.07E-07,fungi_154|fungi_435,preCOPD,ff,0.430851237
Gyrodontium,Purpureocillium,fungi_660,fungi_435,0.699435042,0,fungi_660|fungi_435,preCOPD,ff,0.699435042
Neodeightonia,Purpureocillium,fungi_12,fungi_435,0.4981526,3.78E-10,fungi_12|fungi_435,preCOPD,ff,0.4981526
Dipodascus,Pyrenochaetopsis,fungi_317,fungi_92,0.420826213,2.25E-07,fungi_317|fungi_92,preCOPD,ff,0.420826213
Lentinus,Ramichloridium,fungi_788,fungi_27,0.410093965,4.86E-07,fungi_788|fungi_27,preCOPD,ff,0.410093965
Phomatospora,Rasamsonia,fungi_479,fungi_224,0.406770052,6.13E-07,fungi_479|fungi_224,preCOPD,ff,0.406770052
Hydnochaete,Resinicium,fungi_699,fungi_707,0.412889334,3.99E-07,fungi_699|fungi_707,preCOPD,ff,0.412889334
Lentinus,Resupinatus,fungi_788,fungi_633,0.506229266,1.76E-10,fungi_788|fungi_633,preCOPD,ff,0.506229266
Peniophorella,Resupinatus,fungi_706,fungi_633,0.401430121,8.85E-07,fungi_706|fungi_633,preCOPD,ff,0.401430121
Polyporaceae_2,Resupinatus,fungi_797,fungi_633,0.4658584,6.62E-09,fungi_797|fungi_633,preCOPD,ff,0.4658584
Chaetomium,Rhizoctonia,fungi_488,fungi_676,0.490873856,7.40E-10,fungi_488|fungi_676,preCOPD,ff,0.490873856
Didymosphaeriaceae,Rhizoctonia,fungi_104,fungi_676,0.709645772,0,fungi_104|fungi_676,preCOPD,ff,0.709645772
Gibberella,Rhizoctonia,fungi_422,fungi_676,0.4981526,3.78E-10,fungi_422|fungi_676,preCOPD,ff,0.4981526
Arcuadendron,Rhizomucor,fungi_305,fungi_971,0.490873856,7.40E-10,fungi_305|fungi_971,preCOPD,ff,0.490873856
Pluteus,Rhizopus,fungi_607,fungi_975,0.453699408,1.81E-08,fungi_607|fungi_975,preCOPD,ff,0.453699408
Pyrenochaetopsis,Rhizopus,fungi_92,fungi_975,0.430851237,1.07E-07,fungi_92|fungi_975,preCOPD,ff,0.430851237
Chaetothyriales,Roussoella,fungi_191,fungi_171,0.400272921,9.58E-07,fungi_191|fungi_171,preCOPD,ff,0.400272921
Knufia,Roussoella,fungi_209,fungi_171,0.411991281,4.25E-07,fungi_209|fungi_171,preCOPD,ff,0.411991281
Plectosphaerellaceae,Roussoella,fungi_374,fungi_171,0.420001645,2.39E-07,fungi_374|fungi_171,preCOPD,ff,0.420001645
Aureobasidium,Saccharomyces,fungi_73,fungi_327,0.413555085,3.80E-07,fungi_73|fungi_327,preCOPD,ff,0.413555085
Phialemoniopsis,Saccharomyces,fungi_551,fungi_327,0.496133212,4.56E-10,fungi_551|fungi_327,preCOPD,ff,0.496133212
Apiotrichum,Saccharomycetales_2,fungi_926,fungi_307,0.403673094,7.59E-07,fungi_926|fungi_307,preCOPD,ff,0.403673094
Candida,Saccharomycetales_2,fungi_330,fungi_307,0.539427768,6.13E-12,fungi_330|fungi_307,preCOPD,ff,0.539427768
Didymosphaeriaceae,Sarcinomyces,fungi_104,fungi_196,0.400790011,9.25E-07,fungi_104|fungi_196,preCOPD,ff,0.400790011
Purpureocillium,Sarcinomyces,fungi_435,fungi_196,0.564774746,3.64E-13,fungi_435|fungi_196,preCOPD,ff,0.564774746
Rhizoctonia,Sarcinomyces,fungi_676,fungi_196,0.573141779,1.36E-13,fungi_676|fungi_196,preCOPD,ff,0.573141779
Ceriporia,Schizophyllum,fungi_748,fungi_616,0.443331639,4.12E-08,fungi_748|fungi_616,preCOPD,ff,0.443331639
Hydnochaete,Schizophyllum,fungi_699,fungi_616,0.438341882,6.07E-08,fungi_699|fungi_616,preCOPD,ff,0.438341882
Phanerochaete,Schizophyllum,fungi_771,fungi_616,0.409280628,5.14E-07,fungi_771|fungi_616,preCOPD,ff,0.409280628
Phlebia,Schizophyllum,fungi_763,fungi_616,0.418846509,2.60E-07,fungi_763|fungi_616,preCOPD,ff,0.418846509
Phlebiopsis,Schizophyllum,fungi_772,fungi_616,0.415616892,3.28E-07,fungi_772|fungi_616,preCOPD,ff,0.415616892
Agaricomycetes,Schizoporaceae_2,fungi_560,fungi_717,0.442566076,4.38E-08,fungi_560|fungi_717,preCOPD,ff,0.442566076
Agaricomycetes_2,Schizoporaceae_2,fungi_845,fungi_717,0.420802339,2.26E-07,fungi_845|fungi_717,preCOPD,ff,0.420802339
Amyloporia,Schizoporaceae_2,fungi_725,fungi_717,0.452561862,1.98E-08,fungi_725|fungi_717,preCOPD,ff,0.452561862
Ceriporia,Schizoporaceae_2,fungi_748,fungi_717,0.50186826,2.67E-10,fungi_748|fungi_717,preCOPD,ff,0.50186826
Hydnochaete,Schizoporaceae_2,fungi_699,fungi_717,0.439368946,5.61E-08,fungi_699|fungi_717,preCOPD,ff,0.439368946
Hymenochaete,Schizoporaceae_2,fungi_700,fungi_717,0.46788769,5.58E-09,fungi_700|fungi_717,preCOPD,ff,0.46788769
Hyphodontia,Schizoporaceae_2,fungi_712,fungi_717,0.582622915,4.31E-14,fungi_712|fungi_717,preCOPD,ff,0.582622915
Lyomyces,Schizoporaceae_2,fungi_713,fungi_717,0.462402478,8.84E-09,fungi_713|fungi_717,preCOPD,ff,0.462402478
Phanerochaete,Schizoporaceae_2,fungi_771,fungi_717,0.455678971,1.54E-08,fungi_771|fungi_717,preCOPD,ff,0.455678971
Phlebia,Schizoporaceae_2,fungi_763,fungi_717,0.479863084,1.98E-09,fungi_763|fungi_717,preCOPD,ff,0.479863084
Phlebiopsis,Schizoporaceae_2,fungi_772,fungi_717,0.438478705,6.01E-08,fungi_772|fungi_717,preCOPD,ff,0.438478705
Polyporales,Schizoporaceae_2,fungi_720,fungi_717,0.594321191,9.77E-15,fungi_720|fungi_717,preCOPD,ff,0.594321191
Schizophyllum,Schizoporaceae_2,fungi_616,fungi_717,0.479152281,2.11E-09,fungi_616|fungi_717,preCOPD,ff,0.479152281
Cerrena,Scopuloides,fungi_722,fungi_764,0.433079532,9.07E-08,fungi_722|fungi_764,preCOPD,ff,0.433079532
Hydnochaete,Scopuloides,fungi_699,fungi_764,0.431650817,1.01E-07,fungi_699|fungi_764,preCOPD,ff,0.431650817
Hyphodermella,Scopuloides,fungi_769,fungi_764,0.416464258,3.09E-07,fungi_769|fungi_764,preCOPD,ff,0.416464258
Phlebia,Scopuloides,fungi_763,fungi_764,0.475131791,3.00E-09,fungi_763|fungi_764,preCOPD,ff,0.475131791
Polyporales,Scopuloides,fungi_720,fungi_764,0.44863397,2.71E-08,fungi_720|fungi_764,preCOPD,ff,0.44863397
Clitopilus,Serpula,fungi_580,fungi_664,0.405671752,6.61E-07,fungi_580|fungi_664,preCOPD,ff,0.405671752
Phanerochaetaceae,Serpula,fungi_776,fungi_664,0.464660192,7.32E-09,fungi_776|fungi_664,preCOPD,ff,0.464660192
Polyporales,Serpula,fungi_720,fungi_664,0.40079399,9.25E-07,fungi_720|fungi_664,preCOPD,ff,0.40079399
Irpex,Setophoma,fungi_752,fungi_145,0.460940288,9.98E-09,fungi_752|fungi_145,preCOPD,ff,0.460940288
Pestalotiopsis,Setophoma,fungi_532,fungi_145,0.579320681,6.44E-14,fungi_532|fungi_145,preCOPD,ff,0.579320681
Hypsizygus,Sistotremastrum,fungi_588,fungi_843,0.462490188,8.78E-09,fungi_588|fungi_843,preCOPD,ff,0.462490188
Devriesia,Skvortzovia,fungi_64,fungi_708,0.430525041,1.10E-07,fungi_64|fungi_708,preCOPD,ff,0.430525041
Mycoacia,Skvortzovia,fungi_762,fungi_708,0.444835782,3.66E-08,fungi_762|fungi_708,preCOPD,ff,0.444835782
Polyporales_2,Skvortzovia,fungi_808,fungi_708,0.474303129,3.22E-09,fungi_808|fungi_708,preCOPD,ff,0.474303129
Didymosphaeriaceae,Solicoccozyma,fungi_104,fungi_906,0.406777121,6.12E-07,fungi_104|fungi_906,preCOPD,ff,0.406777121
Gibberella,Solicoccozyma,fungi_422,fungi_906,0.577240728,8.30E-14,fungi_422|fungi_906,preCOPD,ff,0.577240728
Mortierella,Solicoccozyma,fungi_963,fungi_906,0.587012377,2.49E-14,fungi_963|fungi_906,preCOPD,ff,0.587012377
Rhizoctonia,Solicoccozyma,fungi_676,fungi_906,0.581518917,4.93E-14,fungi_676|fungi_906,preCOPD,ff,0.581518917
Septoria,Sordariomycetes,fungi_52,fungi_338,0.468600082,5.25E-09,fungi_52|fungi_338,preCOPD,ff,0.468600082
Cytospora,Sordariomycetes_2,fungi_362,fungi_555,0.475689654,2.86E-09,fungi_362|fungi_555,preCOPD,ff,0.475689654
Ophioceras,Sordariomycetes_2,fungi_458,fungi_555,0.548004411,2.42E-12,fungi_458|fungi_555,preCOPD,ff,0.548004411
Gyrodontium,Spegazzinia,fungi_660,fungi_113,0.400817871,9.23E-07,fungi_660|fungi_113,preCOPD,ff,0.400817871
Chaetomium,Spiromastix,fungi_488,fungi_240,0.505418266,1.90E-10,fungi_488|fungi_240,preCOPD,ff,0.505418266
Eutypella,Spiromastix,fungi_524,fungi_240,0.581518917,4.93E-14,fungi_524|fungi_240,preCOPD,ff,0.581518917
Sordariaceae,Spiromastix,fungi_506,fungi_240,0.409685075,5.00E-07,fungi_506|fungi_240,preCOPD,ff,0.409685075
Apiognomonia,Spissiomyces,fungi_358,fungi_182,0.699435042,0,fungi_358|fungi_182,preCOPD,ff,0.699435042
Epicoccum,Spissiomyces,fungi_97,fungi_182,0.427005404,1.43E-07,fungi_97|fungi_182,preCOPD,ff,0.427005404
Mycosphaerella,Spissiomyces,fungi_40,fungi_182,0.469485714,4.87E-09,fungi_40|fungi_182,preCOPD,ff,0.469485714
Blastobotrys,Stachybotrys,fungi_333,fungi_448,0.437780433,6.34E-08,fungi_333|fungi_448,preCOPD,ff,0.437780433
Agaricomycetes,Steccherinum,fungi_560,fungi_805,0.49225569,6.52E-10,fungi_560|fungi_805,preCOPD,ff,0.49225569
Agaricomycetes_2,Steccherinum,fungi_845,fungi_805,0.511515001,1.06E-10,fungi_845|fungi_805,preCOPD,ff,0.511515001
Ceriporia,Steccherinum,fungi_748,fungi_805,0.401551682,8.78E-07,fungi_748|fungi_805,preCOPD,ff,0.401551682
Duportella,Steccherinum,fungi_685,fungi_805,0.438499905,6.00E-08,fungi_685|fungi_805,preCOPD,ff,0.438499905
Fuscoporia,Steccherinum,fungi_698,fungi_805,0.402741618,8.09E-07,fungi_698|fungi_805,preCOPD,ff,0.402741618
Hydnochaete,Steccherinum,fungi_699,fungi_805,0.409226643,5.16E-07,fungi_699|fungi_805,preCOPD,ff,0.409226643
Hymenochaete,Steccherinum,fungi_700,fungi_805,0.402426032,8.27E-07,fungi_700|fungi_805,preCOPD,ff,0.402426032
Hyphodontia,Steccherinum,fungi_712,fungi_805,0.42732746,1.40E-07,fungi_712|fungi_805,preCOPD,ff,0.42732746
Junghuhnia,Steccherinum,fungi_803,fungi_805,0.443526918,4.06E-08,fungi_803|fungi_805,preCOPD,ff,0.443526918
Lyomyces,Steccherinum,fungi_713,fungi_805,0.442737813,4.32E-08,fungi_713|fungi_805,preCOPD,ff,0.442737813
Phanerochaetaceae,Steccherinum,fungi_776,fungi_805,0.413940936,3.70E-07,fungi_776|fungi_805,preCOPD,ff,0.413940936
Phanerochaete,Steccherinum,fungi_771,fungi_805,0.55930861,6.83E-13,fungi_771|fungi_805,preCOPD,ff,0.55930861
Phlebia,Steccherinum,fungi_763,fungi_805,0.49129685,7.12E-10,fungi_763|fungi_805,preCOPD,ff,0.49129685
Phlebiopsis,Steccherinum,fungi_772,fungi_805,0.445883981,3.37E-08,fungi_772|fungi_805,preCOPD,ff,0.445883981
Polyporales,Steccherinum,fungi_720,fungi_805,0.548651245,2.26E-12,fungi_720|fungi_805,preCOPD,ff,0.548651245
Psilocybe,Steccherinum,fungi_621,fungi_805,0.462741698,8.60E-09,fungi_621|fungi_805,preCOPD,ff,0.462741698
Schizoporaceae_2,Steccherinum,fungi_717,fungi_805,0.563430905,4.26E-13,fungi_717|fungi_805,preCOPD,ff,0.563430905
Apiognomonia,Strelitziana,fungi_358,fungi_197,0.415702789,3.26E-07,fungi_358|fungi_197,preCOPD,ff,0.415702789
Cryptococcus,Strelitziana,fungi_914,fungi_197,0.438731722,5.89E-08,fungi_914|fungi_197,preCOPD,ff,0.438731722
Passalora,Strelitziana,fungi_45,fungi_197,0.44868768,2.70E-08,fungi_45|fungi_197,preCOPD,ff,0.44868768
Lentinula,Strigula,fungi_597,fungi_180,0.487244149,1.03E-09,fungi_597|fungi_180,preCOPD,ff,0.487244149
Microascaceae,Strigula,fungi_475,fungi_180,0.505424901,1.90E-10,fungi_475|fungi_180,preCOPD,ff,0.505424901
Agaricomycetes,Subulicystidium,fungi_560,fungi_840,0.450524303,2.33E-08,fungi_560|fungi_840,preCOPD,ff,0.450524303
Bjerkandera,Subulicystidium,fungi_768,fungi_840,0.475525405,2.90E-09,fungi_768|fungi_840,preCOPD,ff,0.475525405
Hydnochaete,Subulicystidium,fungi_699,fungi_840,0.419973405,2.40E-07,fungi_699|fungi_840,preCOPD,ff,0.419973405
Hymenochaete,Subulicystidium,fungi_700,fungi_840,0.415663021,3.27E-07,fungi_700|fungi_840,preCOPD,ff,0.415663021
Peniophora,Subulicystidium,fungi_816,fungi_840,0.404318514,7.26E-07,fungi_816|fungi_840,preCOPD,ff,0.404318514
Phanerochaete,Subulicystidium,fungi_771,fungi_840,0.417096666,2.95E-07,fungi_771|fungi_840,preCOPD,ff,0.417096666
Phlebia,Subulicystidium,fungi_763,fungi_840,0.508265891,1.45E-10,fungi_763|fungi_840,preCOPD,ff,0.508265891
Polyporales,Subulicystidium,fungi_720,fungi_840,0.403850685,7.50E-07,fungi_720|fungi_840,preCOPD,ff,0.403850685
Psathyrella,Subulicystidium,fungi_612,fungi_840,0.430440512,1.11E-07,fungi_612|fungi_840,preCOPD,ff,0.430440512
Serpula,Subulicystidium,fungi_664,fungi_840,0.413132814,3.92E-07,fungi_664|fungi_840,preCOPD,ff,0.413132814
Steccherinum,Subulicystidium,fungi_805,fungi_840,0.418325469,2.70E-07,fungi_805|fungi_840,preCOPD,ff,0.418325469
Paraphaeosphaeria,Symbiotaphrina,fungi_111,fungi_556,0.42718077,1.41E-07,fungi_111|fungi_556,preCOPD,ff,0.42718077
Lophiostoma,Theleporus,fungi_123,fungi_798,0.5,3.18E-10,fungi_123|fungi_798,preCOPD,ff,0.5
Microascaceae,Thermomyces,fungi_475,fungi_227,0.483601651,1.43E-09,fungi_475|fungi_227,preCOPD,ff,0.483601651
Rasamsonia,Thermomyces,fungi_224,fungi_227,0.707088217,0,fungi_224|fungi_227,preCOPD,ff,0.707088217
Clitopilus,Tilletia,fungi_580,fungi_872,0.40157751,8.76E-07,fungi_580|fungi_872,preCOPD,ff,0.40157751
Dinemasporium,Tilletia,fungi_347,fungi_872,0.49451645,5.30E-10,fungi_347|fungi_872,preCOPD,ff,0.49451645
Heterochaete,Tilletia,fungi_649,fungi_872,0.449241684,2.58E-08,fungi_649|fungi_872,preCOPD,ff,0.449241684
Junghuhnia,Tilletia,fungi_803,fungi_872,0.434489683,8.15E-08,fungi_803|fungi_872,preCOPD,ff,0.434489683
Mycoacia,Tilletia,fungi_762,fungi_872,0.518338982,5.40E-11,fungi_762|fungi_872,preCOPD,ff,0.518338982
Psilocybe,Tilletia,fungi_621,fungi_872,0.436752507,6.86E-08,fungi_621|fungi_872,preCOPD,ff,0.436752507
Skvortzovia,Tilletia,fungi_708,fungi_872,0.420603263,2.29E-07,fungi_708|fungi_872,preCOPD,ff,0.420603263
Subulicystidium,Tilletia,fungi_840,fungi_872,0.49817969,3.77E-10,fungi_840|fungi_872,preCOPD,ff,0.49817969
Agaricomycetes,Tinctoporellus,fungi_560,fungi_795,0.530703086,1.54E-11,fungi_560|fungi_795,preCOPD,ff,0.530703086
Agaricomycetes_2,Tinctoporellus,fungi_845,fungi_795,0.423913069,1.80E-07,fungi_845|fungi_795,preCOPD,ff,0.423913069
Crustodontia,Tinctoporellus,fungi_758,fungi_795,0.413456124,3.83E-07,fungi_758|fungi_795,preCOPD,ff,0.413456124
Hydnochaete,Tinctoporellus,fungi_699,fungi_795,0.501526308,2.76E-10,fungi_699|fungi_795,preCOPD,ff,0.501526308
Peniophora,Tinctoporellus,fungi_816,fungi_795,0.419799022,2.43E-07,fungi_816|fungi_795,preCOPD,ff,0.419799022
Phanerochaete,Tinctoporellus,fungi_771,fungi_795,0.492352633,6.47E-10,fungi_771|fungi_795,preCOPD,ff,0.492352633
Phlebia,Tinctoporellus,fungi_763,fungi_795,0.526599151,2.34E-11,fungi_763|fungi_795,preCOPD,ff,0.526599151
Phlebiopsis,Tinctoporellus,fungi_772,fungi_795,0.452204307,2.04E-08,fungi_772|fungi_795,preCOPD,ff,0.452204307
Polyporales,Tinctoporellus,fungi_720,fungi_795,0.495270204,4.94E-10,fungi_720|fungi_795,preCOPD,ff,0.495270204
Psathyrella,Tinctoporellus,fungi_612,fungi_795,0.473568244,3.43E-09,fungi_612|fungi_795,preCOPD,ff,0.473568244
Schizophyllum,Tinctoporellus,fungi_616,fungi_795,0.408915358,5.27E-07,fungi_616|fungi_795,preCOPD,ff,0.408915358
Scopuloides,Tinctoporellus,fungi_764,fungi_795,0.419561637,2.47E-07,fungi_764|fungi_795,preCOPD,ff,0.419561637
Agaricomycetes,Trametes,fungi_560,fungi_796,0.477332033,2.48E-09,fungi_560|fungi_796,preCOPD,ff,0.477332033
Agaricomycetes_2,Trametes,fungi_845,fungi_796,0.426887293,1.44E-07,fungi_845|fungi_796,preCOPD,ff,0.426887293
Ceriporia,Trametes,fungi_748,fungi_796,0.415714407,3.26E-07,fungi_748|fungi_796,preCOPD,ff,0.415714407
Hyphodontia,Trametes,fungi_712,fungi_796,0.471806346,4.00E-09,fungi_712|fungi_796,preCOPD,ff,0.471806346
Peniophora,Trametes,fungi_816,fungi_796,0.408845145,5.30E-07,fungi_816|fungi_796,preCOPD,ff,0.408845145
Phanerochaete,Trametes,fungi_771,fungi_796,0.54858266,2.27E-12,fungi_771|fungi_796,preCOPD,ff,0.54858266
Phlebia,Trametes,fungi_763,fungi_796,0.424716428,1.69E-07,fungi_763|fungi_796,preCOPD,ff,0.424716428
Schizophyllum,Trametes,fungi_616,fungi_796,0.409908505,4.92E-07,fungi_616|fungi_796,preCOPD,ff,0.409908505
Schizoporaceae_2,Trametes,fungi_717,fungi_796,0.506532404,1.71E-10,fungi_717|fungi_796,preCOPD,ff,0.506532404
Steccherinum,Trametes,fungi_805,fungi_796,0.415526737,3.30E-07,fungi_805|fungi_796,preCOPD,ff,0.415526737
Agaricomycetes,Trechispora,fungi_560,fungi_841,0.453372699,1.85E-08,fungi_560|fungi_841,preCOPD,ff,0.453372699
Agaricomycetes_2,Trechispora,fungi_845,fungi_841,0.509112019,1.34E-10,fungi_845|fungi_841,preCOPD,ff,0.509112019
Clitopilus,Trechispora,fungi_580,fungi_841,0.445600641,3.45E-08,fungi_580|fungi_841,preCOPD,ff,0.445600641
Fomitopsis,Trechispora,fungi_732,fungi_841,0.48913284,8.67E-10,fungi_732|fungi_841,preCOPD,ff,0.48913284
Hydnochaete,Trechispora,fungi_699,fungi_841,0.414450138,3.57E-07,fungi_699|fungi_841,preCOPD,ff,0.414450138
Peniophora,Trechispora,fungi_816,fungi_841,0.491804412,6.80E-10,fungi_816|fungi_841,preCOPD,ff,0.491804412
Phanerochaetaceae,Trechispora,fungi_776,fungi_841,0.450878143,2.27E-08,fungi_776|fungi_841,preCOPD,ff,0.450878143
Phanerochaete,Trechispora,fungi_771,fungi_841,0.486024902,1.15E-09,fungi_771|fungi_841,preCOPD,ff,0.486024902
Polyporales,Trechispora,fungi_720,fungi_841,0.460804482,1.01E-08,fungi_720|fungi_841,preCOPD,ff,0.460804482
Psathyrella,Trechispora,fungi_612,fungi_841,0.488814124,8.93E-10,fungi_612|fungi_841,preCOPD,ff,0.488814124
Scopuloides,Trechispora,fungi_764,fungi_841,0.42540768,1.61E-07,fungi_764|fungi_841,preCOPD,ff,0.42540768
Skeletocutis,Trechispora,fungi_737,fungi_841,0.441868193,4.62E-08,fungi_737|fungi_841,preCOPD,ff,0.441868193
Tinctoporellus,Trechispora,fungi_795,fungi_841,0.468892863,5.12E-09,fungi_795|fungi_841,preCOPD,ff,0.468892863
Trametes,Trechispora,fungi_796,fungi_841,0.457737972,1.30E-08,fungi_796|fungi_841,preCOPD,ff,0.457737972
Coriolopsis,Trechisporales,fungi_781,fungi_835,0.530402309,1.58E-11,fungi_781|fungi_835,preCOPD,ff,0.530402309
Myrothecium,Trechisporales,fungi_444,fungi_835,0.445814345,3.39E-08,fungi_444|fungi_835,preCOPD,ff,0.445814345
Phomatospora,Trechisporales,fungi_479,fungi_835,0.424820104,1.68E-07,fungi_479|fungi_835,preCOPD,ff,0.424820104
Beauveria,Trechisporales_2,fungi_393,fungi_844,0.406770052,6.13E-07,fungi_393|fungi_844,preCOPD,ff,0.406770052
Heterobasidion,Trechisporales_2,fungi_809,fungi_844,0.5,3.18E-10,fungi_809|fungi_844,preCOPD,ff,0.5
Alfaria,Trichaleurina,fungi_441,fungi_303,0.573141779,1.36E-13,fungi_441|fungi_303,preCOPD,ff,0.573141779
Hypsizygus,Trichaleurina,fungi_588,fungi_303,0.699435042,0,fungi_588|fungi_303,preCOPD,ff,0.699435042
Marasmius,Trichaleurina,fungi_592,fungi_303,0.487250546,1.03E-09,fungi_592|fungi_303,preCOPD,ff,0.487250546
Paraconiothyrium,Trichaleurina,fungi_110,fungi_303,0.49451645,5.30E-10,fungi_110|fungi_303,preCOPD,ff,0.49451645
Passalora,Trichaleurina,fungi_45,fungi_303,0.581508812,4.93E-14,fungi_45|fungi_303,preCOPD,ff,0.581508812
Phaeoacremonium,Trichaleurina,fungi_514,fungi_303,0.427582689,1.37E-07,fungi_514|fungi_303,preCOPD,ff,0.427582689
Pluteus,Trichaleurina,fungi_607,fungi_303,0.430851237,1.07E-07,fungi_607|fungi_303,preCOPD,ff,0.430851237
Polyporaceae_2,Trichaleurina,fungi_797,fungi_303,0.41566957,3.27E-07,fungi_797|fungi_303,preCOPD,ff,0.41566957
Hypocreales_fam_Incertae_sedis,Tulasnella,fungi_405,fungi_683,0.691495561,0,fungi_405|fungi_683,preCOPD,ff,0.691495561
Marasmius,Tulasnella,fungi_592,fungi_683,0.488750033,8.98E-10,fungi_592|fungi_683,preCOPD,ff,0.488750033
Psilocybe,Tulasnella,fungi_621,fungi_683,0.416259043,3.13E-07,fungi_621|fungi_683,preCOPD,ff,0.416259043
Trichaleurina,Tulasnella,fungi_303,fungi_683,0.505418266,1.90E-10,fungi_303|fungi_683,preCOPD,ff,0.505418266
Didymosphaeriaceae,Ustilaginoidea,fungi_104,fungi_412,0.415260397,3.37E-07,fungi_104|fungi_412,preCOPD,ff,0.415260397
Gibberella,Ustilaginoidea,fungi_422,fungi_412,0.439456967,5.57E-08,fungi_422|fungi_412,preCOPD,ff,0.439456967
Gyrodontium,Uwebraunia,fungi_660,fungi_28,0.406770052,6.13E-07,fungi_660|fungi_28,preCOPD,ff,0.406770052
Paecilomyces,Uwebraunia,fungi_391,fungi_28,0.400790011,9.25E-07,fungi_391|fungi_28,preCOPD,ff,0.400790011
Cabalodontia,Vararia,fungi_801,fungi_815,0.418485103,2.67E-07,fungi_801|fungi_815,preCOPD,ff,0.418485103
Trechisporales,Vararia,fungi_835,fungi_815,0.418495354,2.67E-07,fungi_835|fungi_815,preCOPD,ff,0.418495354
Purpureocillium,Violaceomyces,fungi_435,fungi_944,0.573141779,1.36E-13,fungi_435|fungi_944,preCOPD,ff,0.573141779
Catabotrydaceae,Wickerhamiella,fungi_375,fungi_335,0.447166629,3.05E-08,fungi_375|fungi_335,preCOPD,ff,0.447166629
Chaetothyriales_2,Wickerhamiella,fungi_211,fungi_335,0.581508812,4.93E-14,fungi_211|fungi_335,preCOPD,ff,0.581508812
Candida,Wickerhamomyces,fungi_330,fungi_321,0.411832531,4.30E-07,fungi_330|fungi_321,preCOPD,ff,0.411832531
Geosmithia,Wrightoporia,fungi_380,fungi_825,0.497345694,4.08E-10,fungi_380|fungi_825,preCOPD,ff,0.497345694
Heterobasidion,Wrightoporia,fungi_809,fungi_825,0.623134658,2.22E-16,fungi_809|fungi_825,preCOPD,ff,0.623134658
Hormonema,Wrightoporia,fungi_76,fungi_825,0.453699408,1.81E-08,fungi_76|fungi_825,preCOPD,ff,0.453699408
Paracamarosporium,Wrightoporia,fungi_109,fungi_825,0.437210958,6.62E-08,fungi_109|fungi_825,preCOPD,ff,0.437210958
Auriporia,Xerochrysium,fungi_727,fungi_228,0.581508812,4.93E-14,fungi_727|fungi_228,preCOPD,ff,0.581508812
Catabotrydaceae,Xerochrysium,fungi_375,fungi_228,0.427582689,1.37E-07,fungi_375|fungi_228,preCOPD,ff,0.427582689
Exserohilum,Xerochrysium,fungi_154,fungi_228,0.430851237,1.07E-07,fungi_154|fungi_228,preCOPD,ff,0.430851237
Gyrodontium,Xerochrysium,fungi_660,fungi_228,0.699435042,0,fungi_660|fungi_228,preCOPD,ff,0.699435042
Neodeightonia,Xerochrysium,fungi_12,fungi_228,0.4981526,3.78E-10,fungi_12|fungi_228,preCOPD,ff,0.4981526
Sarcinomyces,Xerochrysium,fungi_196,fungi_228,0.564774746,3.64E-13,fungi_196|fungi_228,preCOPD,ff,0.564774746
Violaceomyces,Xerochrysium,fungi_944,fungi_228,0.573141779,1.36E-13,fungi_944|fungi_228,preCOPD,ff,0.573141779
Hypoxylon,Xeromyces,fungi_541,fungi_220,0.483374683,1.45E-09,fungi_541|fungi_220,preCOPD,ff,0.483374683
Phaeoisaria,Xeromyces,fungi_481,fungi_220,0.505418266,1.90E-10,fungi_481|fungi_220,preCOPD,ff,0.505418266
Prosthemium,Xeromyces,fungi_147,fungi_220,0.4157945,3.24E-07,fungi_147|fungi_220,preCOPD,ff,0.4157945
Lentinus,Xylariales,fungi_788,fungi_516,0.405419774,6.73E-07,fungi_788|fungi_516,preCOPD,ff,0.405419774
Hyphodontia,Xylodon,fungi_712,fungi_716,0.466723859,6.16E-09,fungi_712|fungi_716,preCOPD,ff,0.466723859
Resupinatus,Xylodon,fungi_633,fungi_716,0.489981795,8.03E-10,fungi_633|fungi_716,preCOPD,ff,0.489981795
Schizoporaceae_2,Xylodon,fungi_717,fungi_716,0.500850577,2.94E-10,fungi_717|fungi_716,preCOPD,ff,0.500850577
Microascaceae,Zasmidium,fungi_475,fungi_56,0.434129038,8.38E-08,fungi_475|fungi_56,preCOPD,ff,0.434129038
Neosetophoma,Zasmidium,fungi_138,fungi_56,0.428982127,1.23E-07,fungi_138|fungi_56,preCOPD,ff,0.428982127
Lentinula,Zygosporium,fungi_597,fungi_546,0.409688713,5.00E-07,fungi_597|fungi_546,preCOPD,ff,0.409688713
